-- phpMyAdmin SQL Dump
-- version 4.9.2
-- https://www.phpmyadmin.net/
--
-- Hôte : 127.0.0.1:3306
-- Généré le :  jeu. 30 avr. 2020 à 16:28
-- Version du serveur :  8.0.18
-- Version de PHP :  7.3.12

SET SQL_MODE = "NO_AUTO_VALUE_ON_ZERO";
SET AUTOCOMMIT = 0;
START TRANSACTION;
SET time_zone = "+00:00";


/*!40101 SET @OLD_CHARACTER_SET_CLIENT=@@CHARACTER_SET_CLIENT */;
/*!40101 SET @OLD_CHARACTER_SET_RESULTS=@@CHARACTER_SET_RESULTS */;
/*!40101 SET @OLD_COLLATION_CONNECTION=@@COLLATION_CONNECTION */;
/*!40101 SET NAMES utf8mb4 */;

--
-- Base de données :  `framework_altair`
--

-- --------------------------------------------------------

--
-- Structure de la table `admin`
--

DROP TABLE IF EXISTS `admin`;
CREATE TABLE IF NOT EXISTS `admin` (
  `id` int(11) NOT NULL AUTO_INCREMENT,
  `lastname` varchar(50) COLLATE utf8mb4_general_ci NOT NULL,
  `firstname` varchar(50) COLLATE utf8mb4_general_ci NOT NULL,
  `password` varchar(255) COLLATE utf8mb4_general_ci NOT NULL,
  `email` varchar(255) COLLATE utf8mb4_general_ci NOT NULL,
  `image` varchar(255) COLLATE utf8mb4_general_ci NOT NULL,
  `role` varchar(50) CHARACTER SET utf8mb4 COLLATE utf8mb4_general_ci NOT NULL,
  `token` text COLLATE utf8mb4_general_ci NOT NULL,
  `coach` tinyint(4) NOT NULL,
  PRIMARY KEY (`id`)
) ENGINE=InnoDB AUTO_INCREMENT=17 DEFAULT CHARSET=utf8mb4 COLLATE=utf8mb4_general_ci;

--
-- Déchargement des données de la table `admin`
--

INSERT INTO `admin` (`id`, `lastname`, `firstname`, `password`, `email`, `image`, `role`, `token`, `coach`) VALUES
(1, 'BARRET', 'J-C', '$2y$10$dwYaJp7Q0SPU9EMD9LdpHe7i74HUMQHPtcmZPK.0VB9WzP73Yoxb6', 'jcbarret@outlook.fr', 'sources/images/avatar/thumbs/lisplib_250.jpg', 'superAdmin', 'bdb8c008fa551ba75f8481963f2201da', 0),
(5, 'LiSplib', 'JayCy', '$2y$10$BFQGRbyVLaV13NEF83TMNef9lE9aSYUVOltw.UagmwS1jWb.jevWu', 'test@test.fr', 'sources/images/avatar/thumbs/test_250.jpg', 'user', 'bdb8c008fa551ba75f8481963f2201da', 0),
(6, 'PAUL', 'Robert', '$2y$10$dmcv7K69HSUe9ZeMS51HSe/DgC4jadttquykL8nk8L4DK5QR3TiBW', 'hybridxp@hotmail.com', 'sources/images/avatar/thumbs/hybridxp_250.jpg', 'admin', 'bdb8c008fa551ba75f8481963f2201da', 0),
(7, 'Lopsum', 'Lorem', '$2y$10$cWt9u9RNZgz8k5twqQThRu69hr2OZYNZ1YkFFgoWvcwgdp/wge64S', 'lorem@ipsum.com', 'sources/images/avatar/thumbs/lorem_250.jpg', 'user', 'bdb8c008fa551ba75f8481963f2201da', 1),
(8, 'PIG', 'Peppa', '$2y$10$ANXncYmfKKmxJ9lTXUOLPe1tis2/4wa0fJCs5gOfYG9o6PmFYsqaK', 'peppa.pig@test.fr', 'sources/images/avatar/thumbs/peppa_250.jpg', 'admin', 'bdb8c008fa551ba75f8481963f2201da', 0),
(9, 'BROS', 'Mario', '$2y$10$cL4FF4wowuZ7edkktFOmPeV15uY.GsBZ8OvJ.RdX2ruoXC7DD.ncq', 'mario@bros.fr', 'sources/images/avatar/thumbs/mario_250.jpg', 'admin', 'bdb8c008fa551ba75f8481963f2201da', 0),
(10, 'Bunny', 'Bugs', '$2y$10$uLGMyAJvtQghlnZxizZ54uqqNvNt7AKkHRwVWBv68S9iq0UyibXWK', 'bugs@bunny.fr', 'sources/images/avatar/thumbs/bugs_250.jpg', 'user', 'bdb8c008fa551ba75f8481963f2201da', 0),
(11, 'MICHOU', 'Pierre', '$2y$10$ZH8dCUIxsSPCgEYbFDrhOOB54wamGDrr3kTcU3O4E0jBvIRQ1mQxK', 'pierrot@michou.fr', 'sources/images/avatar/thumbs/pierre_250.jpg', 'admin', 'bdb8c008fa551ba75f8481963f2201da', 0),
(12, 'COUSCOUS', 'Taboulet', '$2y$10$ffJer.wMsDyuWYpiLyKOkeAoYxMkjJm9eURzRVwdygtYprgudpquW', 'couscous@taboulet.merguez', 'sources/images/avatar/thumbs/taboulet_250.jpg', 'admin', 'bdb8c008fa551ba75f8481963f2201da', 0),
(13, 'Hur', 'Ben', '$2y$10$RZCWadnzI0X7altLscJ/vOSCk4GRZ1.o0NYPAimA/kxtmx6uIiZHO', 'ben@hur.com', 'https://c.pxhere.com/photos/93/61/man_smartphone_mobile_technology_people_phone_smart_person-796340.jpg!d', 'user', 'bdb8c008fa551ba75f8481963f2201da', 0),
(14, 'Gilbert', 'Bruce', '$2y$10$pF0deTdz8J0uuTIyFPdWC.kxGgpU.yofWOM8DuN6qvfrFjfH4Y2i2', 'bruce@gilbert.com', 'https://randomuser.me/api/portraits/men/88.jpg', 'user', 'bdb8c008fa551ba75f8481963f2201da', 0),
(15, 'PERRY', 'Jill', '$2y$10$RljDM6HoE8tn5NklDQsH7eU1jFTyTkjipWW.iIMii8l3LXFb4mjF2', 'jill@perry.fr', 'https://randomuser.me/api/portraits/women/42.jpg', 'user', 'bdb8c008fa551ba75f8481963f2201da', 0),
(16, 'SIMS', 'Taylor', '$2y$10$AiJCG083FRhQcN8cgLDjo.fPozkC8IZBWnex22Iecxv/wlqmt3SCO', 'taylor@sims.fr', 'https://c.pxhere.com/photos/c9/ca/beautiful_smile_girl_woman_happy_young_portrait_female-642888.jpg!d', 'user', 'bdb8c008fa551ba75f8481963f2201da', 0);

-- --------------------------------------------------------

--
-- Structure de la table `admininfo`
--

DROP TABLE IF EXISTS `admininfo`;
CREATE TABLE IF NOT EXISTS `admininfo` (
  `id` int(11) NOT NULL AUTO_INCREMENT,
  `region` enum('Auvergne-Rhône-Alpes','Bourgogne-Franche-Comté','Bretagne','Centre-Val de Loire','Corse','Grand Est','Hauts-de-France','Île-de-France','Normandie','Nouvelle-Aquitaine','Occitanie','Pays de la Loire','Provence-Alpes-Côte d''Azur','Guadeloupe','Martinique','Guyane','La Réunion','Mayotte') COLLATE utf8mb4_general_ci NOT NULL,
  `departement` varchar(50) COLLATE utf8mb4_general_ci NOT NULL,
  `ville` varchar(50) CHARACTER SET utf8mb4 COLLATE utf8mb4_general_ci NOT NULL,
  `telephone` varchar(10) COLLATE utf8mb4_general_ci NOT NULL,
  `adresse` varchar(255) COLLATE utf8mb4_general_ci NOT NULL,
  `societe` varchar(50) COLLATE utf8mb4_general_ci NOT NULL,
  `website` varchar(255) COLLATE utf8mb4_general_ci NOT NULL,
  `facebook` varchar(255) COLLATE utf8mb4_general_ci NOT NULL,
  `linkedin` varchar(255) COLLATE utf8mb4_general_ci NOT NULL,
  `viadeo` varchar(255) COLLATE utf8mb4_general_ci NOT NULL,
  `skype` varchar(255) COLLATE utf8mb4_general_ci NOT NULL,
  `id_admin` int(11) NOT NULL,
  PRIMARY KEY (`id`),
  KEY `id_admin` (`id_admin`)
) ENGINE=InnoDB AUTO_INCREMENT=8 DEFAULT CHARSET=utf8mb4 COLLATE=utf8mb4_general_ci;

--
-- Déchargement des données de la table `admininfo`
--

INSERT INTO `admininfo` (`id`, `region`, `departement`, `ville`, `telephone`, `adresse`, `societe`, `website`, `facebook`, `linkedin`, `viadeo`, `skype`, `id_admin`) VALUES
(1, 'Provence-Alpes-Côte d\'Azur', '83 Var', 'La Valette Du Var', '0606060606', 'chez moi', 'LiSp', '', 'https://www.facebook.com/jeanchristophe.lisplib', 'https://www.linkedin.com/in/jcbarret83160/', '', 'hybridxp@hotmail.com', 1),
(3, 'Provence-Alpes-Côte d\'Azur', '13  Bouches du Rhône', 'Marseille', '0606060606', 'mais t\'es ou', '', '', '', '', '', '', 6),
(4, 'Provence-Alpes-Côte d\'Azur', '83  Var', 'Toulon', '0610101010', 'Rue Picot', 'Peppa Coaching', '', '', '', '', '', 8),
(5, 'Provence-Alpes-Côte d\'Azur', '83 Var', 'Toulon', '0606060202', 'Champs de Mars', 'Supa Mario', 'en cours de réalisation', '', '', '', '', 9),
(6, '', '13 Bouches du Rhône', 'Marseille', '0606050606', 'la canebiere ', 'Couscous & co', 'https://couscous_cboncommelabas.fr', 'https://www.facebook.com/LeMediaPourTous/', '', '', 'couscous@skype.fr', 12),
(7, 'Provence-Alpes-Côte d\'Azur', '06  Alpes Maritimes', 'Cannes', '0706060606', '', 'Michou & Co', '', '', '', '', '', 11);

-- --------------------------------------------------------

--
-- Structure de la table `coaching`
--

DROP TABLE IF EXISTS `coaching`;
CREATE TABLE IF NOT EXISTS `coaching` (
  `id` int(11) NOT NULL AUTO_INCREMENT,
  `coachingDo` enum('coach professionnel de la personne','coach professionnel d’équipe & d’organisation','animateur co-développement professionnel','coach professionnel certifié «Talent»','coach professionnel superviseur') COLLATE utf8mb4_general_ci NOT NULL,
  `adherent` enum('SF Coach','EMCC','ICF','') COLLATE utf8mb4_general_ci NOT NULL,
  `coachingType` enum('coaching de dirigeant','coaching de grandes entreprises','coaching de PME','') COLLATE utf8mb4_general_ci NOT NULL,
  `categorie` enum('Coach COS','Superviseur COS','','') COLLATE utf8mb4_general_ci NOT NULL,
  `coach_id` int(11) NOT NULL,
  PRIMARY KEY (`id`),
  KEY `coach_id` (`coach_id`)
) ENGINE=InnoDB AUTO_INCREMENT=5 DEFAULT CHARSET=utf8mb4 COLLATE=utf8mb4_general_ci;

--
-- Déchargement des données de la table `coaching`
--

INSERT INTO `coaching` (`id`, `coachingDo`, `adherent`, `coachingType`, `categorie`, `coach_id`) VALUES
(1, 'coach professionnel superviseur', 'SF Coach', 'coaching de dirigeant', 'Superviseur COS', 1),
(3, 'coach professionnel d’équipe & d’organisation', 'EMCC', 'coaching de PME', 'Coach COS', 9),
(4, 'coach professionnel d’équipe & d’organisation', 'ICF', 'coaching de grandes entreprises', 'Coach COS', 6);

-- --------------------------------------------------------

--
-- Structure de la table `custom_site`
--

DROP TABLE IF EXISTS `custom_site`;
CREATE TABLE IF NOT EXISTS `custom_site` (
  `customSiteId` int(10) NOT NULL AUTO_INCREMENT,
  `backgroundColor` varchar(50) CHARACTER SET utf8mb4 COLLATE utf8mb4_general_ci NOT NULL,
  `boxBackgroundColor` varchar(50) CHARACTER SET utf8mb4 COLLATE utf8mb4_general_ci NOT NULL,
  `textColor` varchar(50) CHARACTER SET utf8mb4 COLLATE utf8mb4_general_ci NOT NULL,
  `textFontSize` varchar(50) CHARACTER SET utf8mb4 COLLATE utf8mb4_general_ci NOT NULL,
  `textFontFamily` varchar(50) CHARACTER SET utf8mb4 COLLATE utf8mb4_general_ci NOT NULL,
  `titleColor` varchar(50) CHARACTER SET utf8mb4 COLLATE utf8mb4_general_ci NOT NULL,
  `titleFontSize` varchar(50) CHARACTER SET utf8mb4 COLLATE utf8mb4_general_ci NOT NULL,
  `titleFontFamily` varchar(50) CHARACTER SET utf8mb4 COLLATE utf8mb4_general_ci NOT NULL,
  `titleTextShadow` varchar(50) CHARACTER SET utf8mb4 COLLATE utf8mb4_general_ci NOT NULL,
  `boxShadow` varchar(50) CHARACTER SET utf8mb4 COLLATE utf8mb4_general_ci NOT NULL,
  `class` varchar(50) CHARACTER SET utf8mb4 COLLATE utf8mb4_general_ci NOT NULL,
  `btnEffect` varchar(50) COLLATE utf8mb4_general_ci NOT NULL,
  PRIMARY KEY (`customSiteId`)
) ENGINE=InnoDB AUTO_INCREMENT=2 DEFAULT CHARSET=utf8mb4 COLLATE=utf8mb4_general_ci;

--
-- Déchargement des données de la table `custom_site`
--

INSERT INTO `custom_site` (`customSiteId`, `backgroundColor`, `boxBackgroundColor`, `textColor`, `textFontSize`, `textFontFamily`, `titleColor`, `titleFontSize`, `titleFontFamily`, `titleTextShadow`, `boxShadow`, `class`, `btnEffect`) VALUES
(1, '#1a1a1a', '#1a1a1a', '#FFF', '1em', 'Roboto', '#ff999e', 'Taille', 'Police', 'Ombrage titre', 'none', 'Zoom', 'Effet Bouton');

-- --------------------------------------------------------

--
-- Structure de la table `events`
--

DROP TABLE IF EXISTS `events`;
CREATE TABLE IF NOT EXISTS `events` (
  `id` int(11) NOT NULL AUTO_INCREMENT,
  `title` varchar(255) COLLATE utf8mb4_general_ci NOT NULL,
  `content` text COLLATE utf8mb4_general_ci NOT NULL,
  `start` datetime NOT NULL,
  `end` datetime NOT NULL,
  `id_admin` int(11) NOT NULL,
  PRIMARY KEY (`id`),
  KEY `id_admin_created` (`id_admin`) USING BTREE
) ENGINE=InnoDB AUTO_INCREMENT=23 DEFAULT CHARSET=utf8mb4 COLLATE=utf8mb4_general_ci;

--
-- Déchargement des données de la table `events`
--

INSERT INTO `events` (`id`, `title`, `content`, `start`, `end`, `id_admin`) VALUES
(1, 'Apéro', 'Allez viens tu verras on sera bien', '2020-03-28 18:45:00', '2020-03-28 20:45:00', 6),
(5, 'Soupe au pistou', 'dégustation', '2020-03-06 08:20:00', '2020-03-06 16:30:00', 6),
(9, 'Test', 'Pour voir', '2020-04-01 09:54:00', '2020-04-01 18:54:00', 6),
(10, 'Tabata', 'Entrainement', '2020-04-09 10:50:00', '2020-04-09 12:00:00', 6),
(11, 'Reprise', 'Ok', '2020-04-01 17:30:00', '2020-04-01 18:00:00', 6),
(12, 'Physique', 'Début des cours', '2020-04-01 08:00:00', '2020-04-01 08:30:00', 6),
(13, 'Bière-Pong', 'Tournoi', '2020-04-01 11:30:00', '2020-04-01 12:00:00', 6),
(14, 'aqua-poney', 'Des poneys une piscine, le reste...', '2020-04-01 13:30:00', '2020-04-01 14:00:00', 6),
(18, 'EPS', 'test', '2020-04-23 10:00:00', '2020-04-23 11:00:00', 1),
(19, 'Webinar Api', 'Introduction aux Api', '2020-04-30 10:00:00', '2020-04-30 12:00:00', 1),
(20, 'Gros couscous', 'Couscous, Tajine aux merguez', '2020-04-29 12:00:00', '2020-04-29 13:00:00', 12),
(21, 'Le soi', 'Introduction au soi', '2020-04-30 10:00:00', '2020-04-30 13:00:00', 9),
(22, 'Api', 'Api facebook', '2020-05-05 14:00:00', '2020-05-05 16:00:00', 1);

-- --------------------------------------------------------

--
-- Structure de la table `history`
--

DROP TABLE IF EXISTS `history`;
CREATE TABLE IF NOT EXISTS `history` (
  `id` int(11) NOT NULL AUTO_INCREMENT,
  `email` varchar(255) COLLATE utf8mb4_general_ci NOT NULL,
  `password` varchar(255) COLLATE utf8mb4_general_ci NOT NULL,
  `token` varchar(255) COLLATE utf8mb4_general_ci NOT NULL,
  `date` datetime NOT NULL DEFAULT CURRENT_TIMESTAMP,
  PRIMARY KEY (`id`)
) ENGINE=MyISAM AUTO_INCREMENT=221 DEFAULT CHARSET=utf8mb4 COLLATE=utf8mb4_general_ci;

--
-- Déchargement des données de la table `history`
--

INSERT INTO `history` (`id`, `email`, `password`, `token`, `date`) VALUES
(2, 'jcbarret@outlook.fr', '$2y$10$i8cMHWb9KKRthBpXdOLsnucDrNg8uJ5aheJdvXEWGPkgZsNqA5qdi', 'bdb8c008fa551ba75f8481963f2201da', '2020-03-17 15:29:43'),
(3, 'hybridxp@hotmail.com', '$2y$10$Lj3vL1WxAPCMbqBdI1G01ugkME6GhIBSmX.vAOzl.kr71.gk8I7g.', 'd68229f521316a03b517e42128c87060', '2020-03-17 15:42:30'),
(4, 'jcbarret@outlook.fr', '$2y$10$9F4954RRf/EoIubZO4bjQujtp1i.eQ19RJLZGRPr9vtaopbpaXX2y', 'bdb8c008fa551ba75f8481963f2201da', '2020-03-17 17:06:11'),
(5, 'jcbarret@outlook.fr', '$2y$10$s/kGMQ8geqwk27MghIts2eoFJaD3faySZgMhVPtH/BvnjCcHrDLwe', 'bdb8c008fa551ba75f8481963f2201da', '2020-03-18 08:41:53'),
(6, 'jcbarret@outlook.fr', '$2y$10$KbgnPOWagSglVyDpUfhOjOpeztjEOKA2PRXZiHhNKOV9gahVj59CO', 'bdb8c008fa551ba75f8481963f2201da', '2020-03-18 08:52:10'),
(7, 'jcbarret@outlook.fr', '$2y$10$MqfVERL2Bthe46fp3jfN3.V5E0zoMzSD0yv0BQNv1FyVJm9Hd89Ya', 'bdb8c008fa551ba75f8481963f2201da', '2020-03-18 08:53:19'),
(8, 'jcbarret@outlook.fr', '$2y$10$nrIYUOD9HIqJfyZX9A/ri.3/wYA5qwGtWSLc1KwmunDpMlbaM9wTi', 'bdb8c008fa551ba75f8481963f2201da', '2020-03-18 08:53:55'),
(9, 'jcbarret@outlook.fr', '$2y$10$pWlOfiid9TqbEKwnsqRhKOmfUGTeaSESWBifsKXGLpCmFo7CJ4YwK', 'bdb8c008fa551ba75f8481963f2201da', '2020-03-18 08:55:18'),
(10, 'jcbarret@outlook.fr', '$2y$10$GdgZ0mbNJcyzQN3gEYtVNeERe8.bThFjylPnZDfgzAB9TcmWodofO', 'bdb8c008fa551ba75f8481963f2201da', '2020-03-18 08:55:46'),
(11, 'jcbarret@outlook.fr', '$2y$10$txAR0xOgSHvqqOqzxbAilO3EQkj1o4FsHigUD0s9quFjd2SrFZa9i', 'bdb8c008fa551ba75f8481963f2201da', '2020-03-18 08:55:59'),
(12, 'jcbarret@outlook.fr', '$2y$10$0dVYyZM76aWnExmeVkVkjuKG.leiVNFKHv.lfWAry.CtnSHrYJ.WG', 'bdb8c008fa551ba75f8481963f2201da', '2020-03-18 08:56:40'),
(13, 'jcbarret@outlook.fr', '$2y$10$nFnOgEWsA41rgJ/z.Fck5uYzp7N3aMmi/yS1f4oVWIIJHEvpcpKDu', 'bdb8c008fa551ba75f8481963f2201da', '2020-03-18 08:59:48'),
(14, 'jcbarret@outlook.fr', '$2y$10$YKUlLBYb9CjCIO9/Mlbg4.QEIhhI9/i4ZBMy1nArcH9sB6bkicBWG', 'bdb8c008fa551ba75f8481963f2201da', '2020-03-18 09:02:52'),
(15, 'jcbarret@outlook.fr', '$2y$10$4QYtIiXrFKaqiRBQM1mRA.yPkCah3yl2HwDVm7566u6WrGY4/Ol9G', 'bdb8c008fa551ba75f8481963f2201da', '2020-03-18 09:03:31'),
(16, 'jcbarret@outlook.fr', '$2y$10$K6LO3D60Uk0ZLzOlmWYtEeuLuM/y1unymqdJJjHyPkQje/tb5rKLy', 'bdb8c008fa551ba75f8481963f2201da', '2020-03-18 09:29:39'),
(17, 'jcbarret@outlook.fr', '$2y$10$Lzky0SYjHEILBinwML9GN.ZPM5IPhx1s54X6n1EVd3zJYD40X59PK', 'bdb8c008fa551ba75f8481963f2201da', '2020-03-18 09:51:58'),
(18, 'hybridxp@hotmail.com', '$2y$10$Hs5kZ1Osqtam1OTSnTDrwe/LDGzlx1LaF39Q7zWdbN0gSlmvqWZ.6', 'd68229f521316a03b517e42128c87060', '2020-03-18 13:14:19'),
(19, 'jcbarret@outlook.fr', '$2y$10$75l4yvd3lujIl8HX7NghneaiGSs0KiyGItaMLNCs3PDb7H8NpXqoe', 'bdb8c008fa551ba75f8481963f2201da', '2020-03-18 13:16:32'),
(20, 'jcbarret@outlook.fr', '$2y$10$AN8N8vm/c.qV9X.0Kn6R3.1FEKzM9THRn0mMen9S.bwgugO6zCJF6', 'bdb8c008fa551ba75f8481963f2201da', '2020-03-18 13:34:49'),
(21, 'jcbarret@outlook.fr', '$2y$10$SEajOWlaElDu/ZHLjOCeeecjX5/tHdtaup50ChcAeEIv7GvR1ysQ.', 'bdb8c008fa551ba75f8481963f2201da', '2020-03-18 18:15:23'),
(22, 'jcbarret@outlook.fr', '$2y$10$oVXi1pOs5uGVKY.hUDFBVuqH/aYUa5Z5pqDAs./8gn/0i2I9XkyhO', 'bdb8c008fa551ba75f8481963f2201da', '2020-03-19 10:04:39'),
(23, 'jcbarret@outlook.fr', '$2y$10$YfYisa3./lNF.pnf3zma/.uMw1HvRWA2dUyjWUbDjtbon1Tmse8pu', 'bdb8c008fa551ba75f8481963f2201da', '2020-03-19 10:14:24'),
(24, 'jcbarret@outlook.fr', '$2y$10$/ojK7iuCZqcMGqblzfBZeukMWCkrc2LbeFYjKW8Ic3pEQL.noSyiy', 'bdb8c008fa551ba75f8481963f2201da', '2020-03-19 10:16:22'),
(25, 'jcbarret@outlook.fr', '$2y$10$vEe6Jl0jQ58FiBd.vRfTh.FuQ/S8Aitz37hl8LrUoqDveyjOheyce', 'bdb8c008fa551ba75f8481963f2201da', '2020-03-19 11:30:22'),
(26, 'jcbarret@outlook.fr', '$2y$10$Bkkr/nMaG2Yj20ncQwaZJur4Tca4M1jqHNfGWOOKRj79McC9ytGfC', 'bdb8c008fa551ba75f8481963f2201da', '2020-03-19 14:52:52'),
(27, 'jcbarret@outlook.fr', '$2y$10$Yi15NqXQBQo8UDFB/xwHH.5cssIOSHgmvFgIeMYBuHv3tZLRV4UUG', 'bdb8c008fa551ba75f8481963f2201da', '2020-03-19 17:27:07'),
(28, 'jcbarret@outlook.fr', '$2y$10$0pV00tEIQhaO/HTF7GGGHu0UtpjCKkkNG4UmTJzTfpGtqaE9RCplq', 'bdb8c008fa551ba75f8481963f2201da', '2020-03-19 17:30:15'),
(29, 'jcbarret@outlook.fr', '$2y$10$1x62Bk81eEgI2sFNmGyfqOlJ6reEZ7/xoMOFfB7ocZE9cgIlxkFny', 'bdb8c008fa551ba75f8481963f2201da', '2020-03-19 17:33:13'),
(30, 'jcbarret@outlook.fr', '$2y$10$VuHjNUmMFe1ts/8FRxay1uRaJhj23bIBLf8m2lTZKMEHKunljphQS', 'bdb8c008fa551ba75f8481963f2201da', '2020-03-19 17:33:46'),
(31, 'jcbarret@outlook.fr', '$2y$10$CPKNBUMzzVfy/0bdK.PMBe.OQSZ7i06itO7ifgmRiy.T7ELbTsPgW', 'bdb8c008fa551ba75f8481963f2201da', '2020-03-20 08:23:03'),
(32, 'jcbarret@outlook.fr', '$2y$10$0zp69t6efr0KV7SVGL3hWuS4ca/0F9HVM1gx/AZZ7xyO8tKL.AS3u', 'bdb8c008fa551ba75f8481963f2201da', '2020-03-20 08:23:27'),
(33, 'jcbarret@outlook.fr', '$2y$10$d5W04JAkRYacwxKl3/GdrOIg4uO93oIUcCx3/iBniV5w/3HSGRvK2', 'bdb8c008fa551ba75f8481963f2201da', '2020-03-20 09:19:59'),
(34, 'jcbarret@outlook.fr', '$2y$10$/j2scyuCuPdAaFA5MgCspOuS6szlFmNCd1RWg5xnjlWY1FQ6acua.', 'bdb8c008fa551ba75f8481963f2201da', '2020-03-20 17:13:37'),
(35, 'jcbarret@outlook.fr', '$2y$10$Qr.XlL.9aUF72lp0Qkt.d.jIKpRHw17JAERWaMNmwCTdcwNW0zRz6', 'bdb8c008fa551ba75f8481963f2201da', '2020-03-20 17:15:07'),
(36, 'jcbarret@outlook.fr', '$2y$10$2guBa6qx5C00iofG/IFhguS.OyfI6lUDAEPWfY5aGdy8q.NhBAJBK', 'bdb8c008fa551ba75f8481963f2201da', '2020-03-20 17:15:34'),
(37, 'jcbarret@outlook.fr', '$2y$10$b4bWd1v1sTtBjX9B.yv7.uV9sslF4SNFPl4dbyOJR.FejH8ccFAo.', 'bdb8c008fa551ba75f8481963f2201da', '2020-03-23 09:50:23'),
(38, 'jcbarret@outlook.fr', '$2y$10$b60YCs6l8FNnGMol1Al38eqRcilIb7xymWSwhcIw4qRDWODew1.jm', 'bdb8c008fa551ba75f8481963f2201da', '2020-03-23 09:51:12'),
(39, 'jcbarret@outlook.fr', '$2y$10$0D8cCN0aqAGL0jmVM470s.cfQF8P9.Lx/Z7TXEN.bTIVS5V/tUkM6', 'bdb8c008fa551ba75f8481963f2201da', '2020-03-23 16:13:44'),
(40, 'jcbarret@outlook.fr', '$2y$10$MR7Gu4qqX7GziyZaY/YZu.vtPDG6d.C21aPKyt8CSEMyVA3jDU9N6', 'bdb8c008fa551ba75f8481963f2201da', '2020-03-24 08:21:36'),
(41, 'jcbarret@outlook.fr', '$2y$10$6T68BfWOPvhT45ee5EcejuNGek7aXobcPjq410gstThcF3/MJ5IWO', 'bdb8c008fa551ba75f8481963f2201da', '2020-03-24 13:27:38'),
(42, 'jcbarret@outlook.fr', '$2y$10$M3w/8B16PyjWtv1WPukN9O/spJpiS9BiP3V0KlmwIOgzgLEI4f2Pu', 'bdb8c008fa551ba75f8481963f2201da', '2020-03-24 14:01:28'),
(43, 'jcbarret@outlook.fr', '$2y$10$6vgkiy7iLgyRgFSHDV3.9.vY10RFmUbXOH5jbDPlof9.Douy0oA26', 'bdb8c008fa551ba75f8481963f2201da', '2020-03-24 14:09:41'),
(44, 'jcbarret@outlook.fr', '$2y$10$VwxOtxrMmpU8y9wEfkQQt.vJ22o5LgBQ7dtd2nTXbMj7dw/4nA16K', 'bdb8c008fa551ba75f8481963f2201da', '2020-03-25 13:53:08'),
(45, 'jcbarret@outlook.fr', '$2y$10$zgrQRYFj/ANVxpVgEMacWuGFNa8JkBo4sdU7D7AKLFtRH1Hn8Sn3O', 'bdb8c008fa551ba75f8481963f2201da', '2020-03-25 14:31:16'),
(46, 'jcbarret@outlook.fr', '$2y$10$JwLu9dbE31PGsRcfY9B.iuWDl4OfBVR.BcYp8MWIoH4GFs2EUrBsO', 'bdb8c008fa551ba75f8481963f2201da', '2020-03-25 14:32:21'),
(47, 'jcbarret@outlook.fr', '$2y$10$05oxRW0xj1mv0hTlP8fCGOb2510VI8MUZbh5snXppkbFYrI6I4fUi', 'bdb8c008fa551ba75f8481963f2201da', '2020-03-25 14:33:45'),
(48, 'jcbarret@outlook.fr', '$2y$10$ni2yNTekpP0HRU5nbUhi5uCN5xv/p/6yhyAgQ0mJZraO7ueUGinBG', 'bdb8c008fa551ba75f8481963f2201da', '2020-03-26 13:45:19'),
(49, 'jcbarret@outlook.fr', '$2y$10$VbuVqL.O/45J08rWod/wnOqEsVzEZJLt44XcV.b8FHfKkB8LL0xPK', 'bdb8c008fa551ba75f8481963f2201da', '2020-03-26 13:51:52'),
(50, 'jcbarret@outlook.fr', '$2y$10$ND7OG9I3v2cQsJ85Wr6WFeP3c8Ru660suh4/.z4qnpZwUj2O5GC0e', 'bdb8c008fa551ba75f8481963f2201da', '2020-03-26 14:42:02'),
(51, 'jcbarret@outlook.fr', '$2y$10$tDSIAI65zmNJVqOGnypxP.NQ6gcND5qBAkA9WtPcn7nxqlgdwA8UW', 'bdb8c008fa551ba75f8481963f2201da', '2020-03-26 14:46:43'),
(52, 'jcbarret@outlook.fr', '$2y$10$kkqIy1m1SX6hPw.1nhOlmOYKJx876Z2qtdeqn1MuhSXqSnjFVO1cq', 'bdb8c008fa551ba75f8481963f2201da', '2020-03-26 14:54:49'),
(53, 'jcbarret@outlook.fr', '$2y$10$QMO4QJOIFoEsvY9x9bf.LO6OGmXrT9jRpnldHidDsCfKRV8BF4Gey', 'bdb8c008fa551ba75f8481963f2201da', '2020-03-27 09:39:34'),
(54, 'jcbarret@outlook.fr', '$2y$10$eZ6d9PjvtHtgT/GMAe3s7ujninUrZYTp3kiOJK0p1SjrmcD1W2OTG', 'bdb8c008fa551ba75f8481963f2201da', '2020-03-27 09:43:19'),
(55, 'jcbarret@outlook.fr', '$2y$10$6IBGDQiwwnWH/yNlZrtHKuH2ZsmG2xB.Tpm3abmhFPy3Kr9old9Na', 'bdb8c008fa551ba75f8481963f2201da', '2020-03-27 09:43:36'),
(56, 'jcbarret@outlook.fr', '$2y$10$lFU6n0nyfbWsUiBHF3ZZoO0J2FIGOHrQTRWQ5WrfUVfd191jrP37m', 'bdb8c008fa551ba75f8481963f2201da', '2020-03-27 09:57:30'),
(57, 'jcbarret@outlook.fr', '$2y$10$I2Cy6CG8CYQG8jUF3nEkBucBAsdF8TkGTBmNxWxZ0UrAbGIFHI8UK', 'bdb8c008fa551ba75f8481963f2201da', '2020-03-27 09:58:13'),
(58, 'jcbarret@outlook.fr', '$2y$10$mntd2RK.jiFOOhQr7lWSgOfAhKXiL6IBIaeI79/nSilEjlbgXIpPG', 'bdb8c008fa551ba75f8481963f2201da', '2020-03-27 10:04:31'),
(59, 'jcbarret@outlook.fr', '$2y$10$VY1rjdRWZ71Frv4mb.ooLumCsc6bP/Yrf5bMLeNCxI6sJCaiWN2tK', 'bdb8c008fa551ba75f8481963f2201da', '2020-03-27 15:23:27'),
(60, 'jcbarret@outlook.fr', '$2y$10$UwvisUzkCCQCV.L8Y1ysredix4zoc6gaU6zFd27ZfYi8JG7V5U.5W', 'bdb8c008fa551ba75f8481963f2201da', '2020-03-28 12:02:18'),
(61, 'jcbarret@outlook.fr', '$2y$10$n8tlhbQozGHgbETA82F.6ebCMWGmeKiEuzJasOWTDXKwBC.pBsuH2', 'bdb8c008fa551ba75f8481963f2201da', '2020-03-28 12:02:35'),
(62, 'jcbarret@outlook.fr', '$2y$10$ENnE7A5C9ZDCmsjtU7hRDuRQ8Qx614/zK.EBThnqqvvLsDWmKY9v6', 'bdb8c008fa551ba75f8481963f2201da', '2020-03-30 09:01:19'),
(63, 'jcbarret@outlook.fr', '$2y$10$7s6oSJNJKAV8ZIcKHff3ieQlhHVdCWCCDOVSB.fQepeXe20UuVpb6', 'bdb8c008fa551ba75f8481963f2201da', '2020-03-30 09:35:45'),
(64, 'jcbarret@outlook.fr', '$2y$10$0nYExU/vDnKD1tyUDJtoM.oLLQrIGtSWscpNNH/phDWqopV/3g3xW', 'bdb8c008fa551ba75f8481963f2201da', '2020-03-30 15:54:35'),
(65, 'jcbarret@outlook.fr', '$2y$10$KsAwrl3WAPKf/3mhhQHpyebgeJT0uMzS9TNE/Yxv47ZH4P1g9o/8i', 'bdb8c008fa551ba75f8481963f2201da', '2020-03-31 09:57:57'),
(66, 'jcbarret@outlook.fr', '$2y$10$XjN/2JMLOWiuqOV8OXCyfuo7W7RMtGJ0nCL.tx/CQRDoODfUFhKE2', 'bdb8c008fa551ba75f8481963f2201da', '2020-03-31 10:00:39'),
(67, 'jcbarret@outlook.fr', '$2y$10$LqpIszhha6Gi2xmxE6BcC.eaVrBKpb.L9Yq/OE7hK9O8K/7GZnQ9u', 'bdb8c008fa551ba75f8481963f2201da', '2020-03-31 16:48:37'),
(68, 'jcbarret@outlook.fr', '$2y$10$nSBPnXMwFk7kecVa.th7tudZQ/UcwXRnsg.dRD/8z/3BGmfjfZekK', 'bdb8c008fa551ba75f8481963f2201da', '2020-04-01 09:00:25'),
(69, 'jcbarret@outlook.fr', '$2y$10$qId4O7Ov97LaPgvYieQge.ocoB.UEXXDCEinVJLvWtl1N8cX9S1FO', 'bdb8c008fa551ba75f8481963f2201da', '2020-04-01 15:36:29'),
(70, 'jcbarret@outlook.fr', '$2y$10$N.aAc1jWDfmMs2x0kVqrH.FlHLnrYs1cd.9tWZK8al94H9uyqgupu', 'bdb8c008fa551ba75f8481963f2201da', '2020-04-01 16:47:00'),
(71, 'jcbarret@outlook.fr', '$2y$10$KWgPRctj1CyNDs/n63jGu.5Jxzh0CeFPqoWEbz1HIAZcZ5jNkinsq', 'bdb8c008fa551ba75f8481963f2201da', '2020-04-01 16:48:59'),
(72, 'jcbarret@outlook.fr', '$2y$10$sLv3Uiik1FDy0XduTXnWsOdeiKBnoPzDLglEVMwxs5K861Ds.Nxki', 'bdb8c008fa551ba75f8481963f2201da', '2020-04-01 16:53:45'),
(73, 'jcbarret@outlook.fr', '$2y$10$iDvGt6VqLzrgFWhrCdy//Owcb3Gt3hioKPoBxX2DYE7qRFKn3eEOa', 'bdb8c008fa551ba75f8481963f2201da', '2020-04-02 09:09:39'),
(74, 'jcbarret@outlook.fr', '$2y$10$bco2hsa7adWZGinzzDTQmOrwFCD7HJetPILWAC3n.1acCYct07tJG', 'bdb8c008fa551ba75f8481963f2201da', '2020-04-02 11:46:42'),
(75, 'jcbarret@outlook.fr', '$2y$10$aGDitsMWlrRKyhxHAkh1oO1fDbcd.wX1Smw4R1qll/EpodWlpgSjC', 'bdb8c008fa551ba75f8481963f2201da', '2020-04-03 13:44:36'),
(76, 'jcbarret@outlook.fr', '$2y$10$xYMUB.xtShnqvDJhN1aOYeIOQNM.qVS1w2pxYQPD03HN4bDjmKZWm', 'bdb8c008fa551ba75f8481963f2201da', '2020-04-03 17:47:07'),
(77, 'jcbarret@outlook.fr', '$2y$10$nvkumwulVB3Q.bttoyaH0eZzfkFl1wMOwy8qgAFucRgoc1sltFqf.', 'bdb8c008fa551ba75f8481963f2201da', '2020-04-06 14:07:19'),
(78, 'jcbarret@outlook.fr', '$2y$10$AAb1MW8/CwJYuINH5PkzhOEegMIWHz7St7bZgJ8WExIfxenN7gb3S', 'bdb8c008fa551ba75f8481963f2201da', '2020-04-07 08:53:23'),
(79, 'jcbarret@outlook.fr', '$2y$10$Y93kvrYTzTx6dJ44198/XOYyVHWMHbMY.mCKjpSpVJgcel4tRfPkO', 'bdb8c008fa551ba75f8481963f2201da', '2020-04-08 09:02:04'),
(80, 'jcbarret@outlook.fr', '$2y$10$YCdt7mgzkgWRsufmyi/b3OKzcNPiqgxInOj5Lb5xZR/LKtLMiBEZ.', 'bdb8c008fa551ba75f8481963f2201da', '2020-04-09 08:50:52'),
(81, 'jcbarret@outlook.fr', '$2y$10$qxGKDAuOt5/.Dmnf7cDw9OkSDrSlkYgOejPv/PIdN8ZOph0LBp9ki', 'bdb8c008fa551ba75f8481963f2201da', '2020-04-10 08:54:28'),
(82, 'jcbarret@outlook.fr', '$2y$10$MQOeBB87iOKtAsQSAcJCQ.7g6J7RBLyaZwrv7CFok4J0gO7JsORO2', 'bdb8c008fa551ba75f8481963f2201da', '2020-04-14 08:52:01'),
(83, 'jcbarret@outlook.fr', '$2y$10$f03cNdgYlaWJWhnIMBg.gOLNYOTmjdIZrr58BnbbVcjAip.iAruMS', 'bdb8c008fa551ba75f8481963f2201da', '2020-04-14 10:12:37'),
(84, 'jcbarret@outlook.fr', '$2y$10$I0EoOrdmYaUc28esIW4DDejHeFA9yROLnQPB.YttvsUJYljg6o0/6', 'bdb8c008fa551ba75f8481963f2201da', '2020-04-14 16:21:33'),
(85, 'test@test.fr', '$2y$10$HHgmJpbH7NHQgn03X4bfe.BhitrzsLgk46ST.PMW6IkFe6Wj.S7PS', 'bdb8c008fa551ba75f8481963f2201da', '2020-04-14 16:36:57'),
(86, 'jcbarret@outlook.fr', '$2y$10$tg6QzBUQvsdrukM2AWmlFu2K627z14MxaWuTs.g56N/1AefvzvJmS', 'bdb8c008fa551ba75f8481963f2201da', '2020-04-14 16:37:54'),
(87, 'test@test.fr', '$2y$10$jEXIFiXDrVYySVncrEC5u.OO2WjL8bb9RQgPkdSCPR3WBJUfrTcF2', 'bdb8c008fa551ba75f8481963f2201da', '2020-04-14 16:53:30'),
(88, 'jcbarret@outlook.fr', '$2y$10$SsGD.GwN2PAp0aILiVTrn.V20s4TQuLdAW4JTF0Pt0o7/9wfOMH/m', 'bdb8c008fa551ba75f8481963f2201da', '2020-04-14 17:03:45'),
(89, 'jcbarret@outlook.fr', '$2y$10$quqj4SEnql98ksID1GHaieUWXjeKuVcfl3tuaR7zsqOGefNhfOKnC', 'bdb8c008fa551ba75f8481963f2201da', '2020-04-14 17:05:02'),
(90, 'jcbarret@outlook.fr', '$2y$10$ir8kbFNiR7A5qmsFsAFNDeyEqb.nl0DJtQ7QnvACQp4iLgGISyFXG', 'bdb8c008fa551ba75f8481963f2201da', '2020-04-15 09:05:01'),
(91, 'test@test.fr', '$2y$10$V9vv0NH3rg2Gbht2sG8Xo.jhKIsEjJe91JHafeHojPOhMifOX5jOi', 'bdb8c008fa551ba75f8481963f2201da', '2020-04-15 09:14:05'),
(92, 'jcbarret@outlook.fr', '$2y$10$YUU8hUiPDnqeoggCIu6WdOK4Oiemz/tHnRlm6PU6OsYdI9GeJ2AzK', 'bdb8c008fa551ba75f8481963f2201da', '2020-04-15 09:16:06'),
(93, 'jcbarret@outlook.fr', '$2y$10$CRX4TtpqDduAn/lHbhaRMObPP74vjPktTTCPeqfJoxwLWArKFKLmG', 'bdb8c008fa551ba75f8481963f2201da', '2020-04-15 09:31:25'),
(94, 'test@test.fr', '$2y$10$igevdMFfADUdMz7Z.pXm/.gv.L935hrMKurclEdtidBgS3twiIgzK', 'bdb8c008fa551ba75f8481963f2201da', '2020-04-15 09:31:38'),
(95, 'jcbarret@outlook.fr', '$2y$10$iYgiKp.2DtjWv8aX6i7QQ.6scy9.cF2I3PO3zg96I377Aei9tQv6K', 'bdb8c008fa551ba75f8481963f2201da', '2020-04-15 10:05:57'),
(96, 'test@test.fr', '$2y$10$67c3biF.UT4HcPPCJjMteO5HgTISGhSFBVE212Ndos.C7sJlwQgHS', 'bdb8c008fa551ba75f8481963f2201da', '2020-04-15 10:09:41'),
(97, 'jcbarret@outlook.fr', '$2y$10$Cf4p3D.rV8iX/Eb9Vkv3mejZTa/5VEFRNiudUcZjrKhp8vs4/CoKS', 'bdb8c008fa551ba75f8481963f2201da', '2020-04-15 10:15:54'),
(98, 'test@test.fr', '$2y$10$DKTs/CDDY9zt5ERlXvFppOsPdfEKWxDUbhMcObVNBGXRaP7aUQfBq', 'bdb8c008fa551ba75f8481963f2201da', '2020-04-15 10:17:38'),
(99, 'test@test.fr', '$2y$10$dY5xwInbOsSw3Dt84htkmOcee/.GjNQ1gRGo0phOMxsAc7yHPIpDe', 'bdb8c008fa551ba75f8481963f2201da', '2020-04-15 10:36:36'),
(100, 'jcbarret@outlook.fr', '$2y$10$bAIhfChjH/ii4ZCV7BCilubs3BdEVhJ5urcNCQB.FgooEl.3ASG1q', 'bdb8c008fa551ba75f8481963f2201da', '2020-04-15 10:47:51'),
(101, 'jcbarret@outlook.fr', '$2y$10$tRS.Mk.8vhROPdRj3bNOpOXnEuefYHSEU7Idyt8w0a0sQacTUMMwW', 'bdb8c008fa551ba75f8481963f2201da', '2020-04-15 11:00:49'),
(102, 'jcbarret@outlook.fr', '$2y$10$Kjyp8IShDb4p23UV.5P1H.QjofEDTO2Z2sCU6uNCA9dFADmiX3kl6', 'bdb8c008fa551ba75f8481963f2201da', '2020-04-15 13:16:28'),
(103, 'hybridxp@hotmail.com', '$2y$10$iFK51uPZTDWTUVpTgCKqru3nqtFMvDD90lEvrj2inI5/ar7AUg97q', 'bdb8c008fa551ba75f8481963f2201da', '2020-04-15 13:44:59'),
(104, 'jcbarret@outlook.fr', '$2y$10$7rhCZdda.gf6RkTPW/zFjOaXeeUlMWftKXi6MGAzPGgAP.85oxZEe', 'bdb8c008fa551ba75f8481963f2201da', '2020-04-15 13:49:29'),
(105, 'jcbarret@outlook.fr', '$2y$10$Xw3C5qnEDGqaHk207J9Yc.WsZOC0rjx94eXX11LNsRLuPFOI7T1Se', 'bdb8c008fa551ba75f8481963f2201da', '2020-04-15 17:10:50'),
(106, 'jcbarret@outlook.fr', '$2y$10$ZT6OQCrcVtc1wzsc3xjEg.CpkTxjjUF9ILHyVnj8snMcGlyKcT3Q2', 'bdb8c008fa551ba75f8481963f2201da', '2020-04-16 09:54:19'),
(107, 'hybridxp@hotmail.com', '$2y$10$rUWV2NZIte3CZnQ.Il9SUuRZJpLED7JluaBCJ8ii.cWOWA4SBAMMy', 'bdb8c008fa551ba75f8481963f2201da', '2020-04-16 10:17:21'),
(108, 'test@test.fr', '$2y$10$NU1vMPLGfQU6kXUQq/HmmO8/ITZyJq7TZZu8Wm./4SDC8Yddop5y2', 'bdb8c008fa551ba75f8481963f2201da', '2020-04-16 10:18:22'),
(109, 'jcbarret@outlook.fr', '$2y$10$bxAxV0p3PyvJX/Is0.N8ouV6jTSTKDYuIxAXWJw0tccwlzF6CNlRO', 'bdb8c008fa551ba75f8481963f2201da', '2020-04-17 08:53:15'),
(110, 'test@test.fr', '$2y$10$XSEsxorXTjlOgBRz0TUPoOgPTdhNQORCJZQI7bQzc6tloyZMzGYh6', 'bdb8c008fa551ba75f8481963f2201da', '2020-04-17 09:48:49'),
(111, 'jcbarret@outlook.fr', '$2y$10$m8QZY.r.kr2WQdwAxGdcBOlHjXLgrJEi6eI90GQHXFxWQiekxy.PW', 'bdb8c008fa551ba75f8481963f2201da', '2020-04-17 10:21:37'),
(112, 'hybridxp@hotmail.com', '$2y$10$phQyPrbz1Nq40bqzvfOEDekvX08iHCfvmYjD6B8YBTHl9thf4ly6C', 'bdb8c008fa551ba75f8481963f2201da', '2020-04-17 10:23:08'),
(113, 'jcbarret@outlook.fr', '$2y$10$eGqkCeEG8JV.NXsrojcSLOIoCzSLMEobwmjK.hO1xpSLoQfzu.uxy', 'bdb8c008fa551ba75f8481963f2201da', '2020-04-17 10:24:48'),
(114, 'test@test.fr', '$2y$10$B5gP1u35MLdDsIiY1kwA6OWPa1uTZRsF8jwQ7nNTt7x5JTIMN1aoK', 'bdb8c008fa551ba75f8481963f2201da', '2020-04-17 10:26:39'),
(115, 'hybridxp@hotmail.com', '$2y$10$1YWnpIGP3fR1C/fxpkpJC.FNE50loNCAkeE3TWxfMIGRbyzwOpJ7C', 'bdb8c008fa551ba75f8481963f2201da', '2020-04-17 10:29:35'),
(116, 'test@test.fr', '$2y$10$7zPndGCcJSwHAfGdX.uMOOvQlxIcAxM/irBDys2oBZGaZl5AzGjge', 'bdb8c008fa551ba75f8481963f2201da', '2020-04-17 10:48:59'),
(117, 'hybridxp@hotmail.com', '$2y$10$5nJap.Oh1nk3GMJtgzY7seFjZzz4UVxeuSEXvrRikGdWj4KLPteIy', 'bdb8c008fa551ba75f8481963f2201da', '2020-04-17 11:15:54'),
(118, 'jcbarret@outlook.fr', '$2y$10$ECa6VmOHlwh4EbroxwVfmeE0OE4k.4t2c2doa8mnHz0zQYGPvYeV2', 'bdb8c008fa551ba75f8481963f2201da', '2020-04-17 13:26:00'),
(119, 'hybridxp@hotmail.com', '$2y$10$wpjdK/M3YwoPyt77kCW6SezDDvnupBQ3qKmDRAvCiZxn5R5kemDQG', 'bdb8c008fa551ba75f8481963f2201da', '2020-04-17 14:09:07'),
(120, 'test@test.fr', '$2y$10$NmbprdwXdJrda9YP/2Dp6u9xL8Uq71YrwYFlPNloZaUAHSIV5bxOS', 'bdb8c008fa551ba75f8481963f2201da', '2020-04-17 14:10:53'),
(121, 'jcbarret@outlook.fr', '$2y$10$62s6ZrEi3CVTv5XUTm1bou66snrkUcHZCDkRPJBhVtFd4YNwePPxq', 'bdb8c008fa551ba75f8481963f2201da', '2020-04-17 14:11:10'),
(122, 'test@test.fr', '$2y$10$oUZ7aC.NSiy7x8yZ5y/F9eVOuB.Eu6E2F4FIuwODAzafxJNzd2Z4G', 'bdb8c008fa551ba75f8481963f2201da', '2020-04-17 17:25:19'),
(123, 'jcbarret@outlook.fr', '$2y$10$t5g3TzKSHB89njYrepwcdebUN0CyfT3/eiupQlp0LZA6K0T8j1rim', 'bdb8c008fa551ba75f8481963f2201da', '2020-04-20 08:53:58'),
(124, 'jcbarret@outlook.fr', '$2y$10$SxHCrigQHMdylW7PE6GTcOD1gn.QX8qBquiQ4lq4zNV1Zm9OK3Ph6', 'bdb8c008fa551ba75f8481963f2201da', '2020-04-20 10:35:08'),
(125, 'mario@bros.fr', '$2y$10$e5CWZnFGvDgFc4E06.zyNeRFeVTl8bfLf59DYefCAGYu47MZrBN4i', 'bdb8c008fa551ba75f8481963f2201da', '2020-04-20 13:15:56'),
(126, 'hybridxp@hotmail.com', '$2y$10$3RbksppHXXVYULIMb7TPn.Rn7p/FSzOf0lyIkQVkskl.DfemQFQpa', 'bdb8c008fa551ba75f8481963f2201da', '2020-04-20 13:24:14'),
(127, 'test@test.fr', '$2y$10$0v/MSEbzaYDxHLwmEP8ZY.Nil9PUhjJE1k9LmX6MAbS8cI3.4Q4AC', 'bdb8c008fa551ba75f8481963f2201da', '2020-04-20 13:27:52'),
(128, 'hybridxp@hotmail.com', '$2y$10$3ljX1h/fUAQLIHvbob5mcei4RLVtFywJYS/B5ku95kVDGR0qMSOV.', 'bdb8c008fa551ba75f8481963f2201da', '2020-04-20 13:40:45'),
(129, 'jcbarret@outlook.fr', '$2y$10$i8q5v7kQC8JN4lRCIFO1wOVT68f63EO36pCqyIsbkC5w2OZguoJd2', 'bdb8c008fa551ba75f8481963f2201da', '2020-04-20 14:06:03'),
(130, 'jcbarret@outlook.fr', '$2y$10$9F21/EmynfWtAMge1Kqec.p8B3wEnFJLW1S3ThnAoR1VaNe9aLQAW', 'bdb8c008fa551ba75f8481963f2201da', '2020-04-20 14:26:55'),
(131, 'bugs@bunny.fr', '$2y$10$Fy8HFOxBf3WXzMmd.enQ8.BpOiF435NGYh3c114s3PZpvBMn136FK', 'bdb8c008fa551ba75f8481963f2201da', '2020-04-20 14:49:04'),
(132, 'jcbarret@outlook.fr', '$2y$10$UfgrG2HKjUB9KZsPISzgLOC9kF94qzZ1ccqZTZcM0c65MgoBaCrwW', 'bdb8c008fa551ba75f8481963f2201da', '2020-04-20 14:49:19'),
(133, 'jcbarret@outlook.fr', '$2y$10$AuyirSdsRscgPIk8gQ9/b.2C15.UxHkRhCk000Zs7f/e1oPvFirIi', 'bdb8c008fa551ba75f8481963f2201da', '2020-04-20 15:38:16'),
(134, 'jcbarret@outlook.fr', '$2y$10$QZKxelWBP37Ewh24zO2LnOhoRGiIdZCDesq/I9AQJizDkNuMIazjK', 'bdb8c008fa551ba75f8481963f2201da', '2020-04-21 09:09:12'),
(135, 'jcbarret@outlook.fr', '$2y$10$fQYgeN7SVPXZL6agcIXAdeL7I1ols8/YjK0Q2lTcHQ/yOmR0RjvhS', 'bdb8c008fa551ba75f8481963f2201da', '2020-04-21 09:25:57'),
(136, 'jcbarret@outlook.fr', '$2y$10$XhOvy2BqYHQAz/WwTTmrC.hU1pgSYPQL5AMwZZJBr9xJ9YgmbxOG2', 'bdb8c008fa551ba75f8481963f2201da', '2020-04-21 15:20:40'),
(137, 'jcbarret@outlook.fr', '$2y$10$LunBGTmfXjdXYHSy9lUI5.Bdwj85nLHXbFC.x5HDmr452QFuPunRW', 'bdb8c008fa551ba75f8481963f2201da', '2020-04-22 09:12:58'),
(138, 'hybridxp@hotmail.com', '$2y$10$Sbna0PTj2btx.ehrhzrCMO2.5thbufTBOCmiMeMEyWexm.J4//k26', 'bdb8c008fa551ba75f8481963f2201da', '2020-04-22 11:25:03'),
(139, 'peppa.pig@test.fr', '$2y$10$1c5Ujs4XG8e6GYAIUm6pxOzsRDHN9qXJ9ZvLL5qPaoUZqZqhkXA8q', 'bdb8c008fa551ba75f8481963f2201da', '2020-04-22 11:27:12'),
(140, 'jcbarret@outlook.fr', '$2y$10$eLOb//6MmfphlfRb3C/clOcOaVCQ9moFEVG8CUnle4HCouSSQhrc.', 'bdb8c008fa551ba75f8481963f2201da', '2020-04-22 16:39:41'),
(141, 'jcbarret@outlook.fr', '$2y$10$8gBpQhJiHkmpKTmCvvRgyOq9Crhkce.j64JZnXRH8LO5BUClLoCTy', 'bdb8c008fa551ba75f8481963f2201da', '2020-04-22 16:54:10'),
(142, 'jcbarret@outlook.fr', '$2y$10$4DmDyH.WGhcjJ0GzSIC8P.mB5HxS1NyX/TB2d.U7oPkeOjJiZHtra', 'bdb8c008fa551ba75f8481963f2201da', '2020-04-23 09:27:39'),
(143, 'jcbarret@outlook.fr', '$2y$10$IqiumpwVa8Tj3qPqofE.suS4fjm8itDUAAva4Cmvspw4iA1qz/Sl2', 'bdb8c008fa551ba75f8481963f2201da', '2020-04-23 10:08:17'),
(144, 'jcbarret@outlook.fr', '$2y$10$yIWq9k0qogbYIoyG23olRes0nvXVf/5FB9CWqSqq2f3lPLlknbODG', 'bdb8c008fa551ba75f8481963f2201da', '2020-04-23 10:09:03'),
(145, 'peppa.pig@test.fr', '$2y$10$LQV6qNTWJYDIB9LoUAlD2.M1BoJPWvY33JyKh38nV.1EFadBN562m', 'bdb8c008fa551ba75f8481963f2201da', '2020-04-23 11:06:16'),
(146, 'hybridxp@hotmail.com', '$2y$10$Bs8K65zaEJTZNv5xmAHeGegpMp/HMR5qQfNCgXwFuoH3txJ/Dahn2', 'bdb8c008fa551ba75f8481963f2201da', '2020-04-23 11:06:58'),
(147, 'jcbarret@outlook.fr', '$2y$10$IdgMVxY6W55QkjvXqN3lJ.Y3Z8qgXF7Iq4lAk.pKQddYf2wBYMN3O', 'bdb8c008fa551ba75f8481963f2201da', '2020-04-23 11:07:15'),
(148, 'test@test.fr', '$2y$10$M8A/6LWFwO3ZTQKgt4bKAecBWs9SU2MBZ5CUnmIJjUEUyZmcgZki6', 'bdb8c008fa551ba75f8481963f2201da', '2020-04-23 11:10:12'),
(149, 'bugs@bunny.fr', '$2y$10$BOy/USk/bKOfNYdAe0qrjOMwEoak3uOdpa0Ma2NWmZsCaSJ5N2YPK', 'bdb8c008fa551ba75f8481963f2201da', '2020-04-23 11:14:23'),
(150, 'hybridxp@hotmail.com', '$2y$10$4ZljfRbLvOb//ZVqqOVZaO3NLo57Zrc/zBElBQU8CMR.9NJmFJY/y', 'bdb8c008fa551ba75f8481963f2201da', '2020-04-23 11:14:36'),
(151, 'jcbarret@outlook.fr', '$2y$10$S/gISL6ilZa4tR662FbF3Oa7d07wPhnB34PfodR9d26I2SdT6F3VW', 'bdb8c008fa551ba75f8481963f2201da', '2020-04-23 11:14:48'),
(152, 'lorem@ipsum.com', '$2y$10$aNJR4C3xo4bPbQsGHOAIm.QaBKgPajQ5wxAufzJZZEJ.P1.BlV55K', 'bdb8c008fa551ba75f8481963f2201da', '2020-04-23 11:15:08'),
(153, 'mario@bros.fr', '$2y$10$qZYEL0kDp7gGHbfh9hmBzupcp.QqsiLSqvS9ALYAN2dLhW7icsHt6', 'bdb8c008fa551ba75f8481963f2201da', '2020-04-23 11:15:21'),
(154, 'peppa.pig@test.fr', '$2y$10$ZjiLUkIeR0ge0opaKVmzfe3g1PxlrGyO0pOpODrenEs1QL7pNku1a', 'bdb8c008fa551ba75f8481963f2201da', '2020-04-23 11:15:34'),
(155, 'jcbarret@outlook.fr', '$2y$10$SykcD/tsrUqZTzGL4zotDehuQV1sU3uqekVq0wGKF2VdHWxY7BenO', 'bdb8c008fa551ba75f8481963f2201da', '2020-04-23 13:16:27'),
(156, 'bugs@bunny.fr', '$2y$10$JFAlvp/u5pk0XKUEUcZxbeuCIsZMfZkat4N6W9mYJiEf/.C0yg4hO', 'bdb8c008fa551ba75f8481963f2201da', '2020-04-23 14:30:48'),
(157, 'hybridxp@hotmail.com', '$2y$10$s0iuYuAXMIan4J/LPxjgPeydbeR6K9hARHyzNm5borPQF9l5/KvR2', 'bdb8c008fa551ba75f8481963f2201da', '2020-04-23 14:31:23'),
(158, 'jcbarret@outlook.fr', '$2y$10$KJRxiyOP7xpAt4FeKJNW4uwyzER7FYb1tqcc/.RWMIP0rPgcdBrqa', 'bdb8c008fa551ba75f8481963f2201da', '2020-04-23 14:31:55'),
(159, 'lorem@ipsum.com', '$2y$10$TG3KYSOHkfsRf7OI3HtYVOGljhm4Z11hJMop1z3WBhUeZ3p1Wm33m', 'bdb8c008fa551ba75f8481963f2201da', '2020-04-23 14:32:47'),
(160, 'mario@bros.fr', '$2y$10$jqRYMlSiNkt.KS.9Jl9LK.DP2qhoPK5HP1otsQr7xsdD2UtXykYk2', 'bdb8c008fa551ba75f8481963f2201da', '2020-04-23 14:33:09'),
(161, 'peppa.pig@test.fr', '$2y$10$STwvHIrNvBGujv1YWcZq/uwI9KJvR7Wzpxr7ovNYkMiWQYGpAZIji', 'bdb8c008fa551ba75f8481963f2201da', '2020-04-23 14:33:29'),
(162, 'test@test.fr', '$2y$10$5UQ2iNd4DhmYQswNgc3cuOtcOLOYtR6D3VF4jb6xDX/ZX5OBFFMrC', 'bdb8c008fa551ba75f8481963f2201da', '2020-04-23 14:33:49'),
(163, 'jcbarret@outlook.fr', '$2y$10$66W3yk91KLgU0jxEfPTPpOqPKBXtSW2J4d.N5O4rkC6BvOl0LfPt.', 'bdb8c008fa551ba75f8481963f2201da', '2020-04-23 15:06:59'),
(164, 'bugs@bunny.fr', '$2y$10$xT.ghJ397SzF8q3KgikHCeVViMKk7EGmxzVsKP.HFqig.3UWZpiAm', 'bdb8c008fa551ba75f8481963f2201da', '2020-04-23 16:15:08'),
(165, 'jcbarret@outlook.fr', '$2y$10$qm7E9A3XQvoFc2Xw6SfBiunLo.DpNGHtcQW4KEAJwn5wUDdxLGOOy', 'bdb8c008fa551ba75f8481963f2201da', '2020-04-23 16:15:26'),
(166, 'jcbarret@outlook.fr', '$2y$10$6RqpLrqjS1f1h5RCuzoIbu6iGxIJEMQFRShV698NhfCu1OSHnrd3S', 'bdb8c008fa551ba75f8481963f2201da', '2020-04-24 08:59:31'),
(167, 'bugs@bunny.fr', '$2y$10$.AOtbZWJEjCE0MWydrsB7.QZcOfU6.iKXD1sZ0fBR.rtEQD9TeSWC', 'bdb8c008fa551ba75f8481963f2201da', '2020-04-24 10:02:44'),
(168, 'jcbarret@outlook.fr', '$2y$10$eouoXzyH3B93PHBCLo5DReJ062nb6zY.d0aVWLBEg2J3rQ86jvRiS', 'bdb8c008fa551ba75f8481963f2201da', '2020-04-24 10:10:42'),
(169, 'bugs@bunny.fr', '$2y$10$1zjKjEDZnOYU3Jdg3itAzuvu0xl94rnradwoIZ3To3WBBmMbBTwKu', 'bdb8c008fa551ba75f8481963f2201da', '2020-04-24 13:25:24'),
(170, 'jcbarret@outlook.fr', '$2y$10$iTzeWuScswccx/vJ1XiIX.IPV9H6ro3uVMHDsgBvfJhdTe4VG5dRO', 'bdb8c008fa551ba75f8481963f2201da', '2020-04-24 13:27:27'),
(171, 'test@test.fr', '$2y$10$czdh7lVK4OdbF.VS5hKxOOiEHr5jn7ZrgYBJ39oNTaz54MO2UaEue', 'bdb8c008fa551ba75f8481963f2201da', '2020-04-24 14:46:30'),
(172, 'jcbarret@outlook.fr', '$2y$10$ZIM3SxJCRS0dYH08NTWinuqbQX3hhLKy7Gato3tvhHro3O5r/Sgv.', 'bdb8c008fa551ba75f8481963f2201da', '2020-04-24 15:30:43'),
(173, 'jcbarret@outlook.fr', '$2y$10$uL2Yak.2jnYkj3I4aq2OUe4/cmgQNURKkIghhrkSzmKonRt/UOPYW', 'bdb8c008fa551ba75f8481963f2201da', '2020-04-24 15:33:10'),
(174, 'hybridxp@hotmail.com', '$2y$10$1kytVw/d6by9/X.2b/Ilueusr1Y948WD6Y9la7ylUQO4LgV0pDfrO', 'bdb8c008fa551ba75f8481963f2201da', '2020-04-24 15:43:49'),
(175, 'jcbarret@outlook.fr', '$2y$10$Ci7PeZOcCKxfeZ/GsGXg3eVLdZSxvZ3B3D4x/a/LBEDYRtLIREE1u', 'bdb8c008fa551ba75f8481963f2201da', '2020-04-24 15:46:20'),
(176, 'bugs@bunny.fr', '$2y$10$uRpAerZ/.kCiH./F1I.gNu1dBO.ZJ3l/kSyIKIymeeBqtAXFWN7xC', 'bdb8c008fa551ba75f8481963f2201da', '2020-04-24 16:51:37'),
(177, 'jcbarret@outlook.fr', '$2y$10$FpmCs0xLeoO446p/lj0YW.lsLigPxjZP2FhO2Jxl5hTvWU0kwc4fS', 'bdb8c008fa551ba75f8481963f2201da', '2020-04-24 21:39:48'),
(178, 'jcbarret@outlook.fr', '$2y$10$SLE.K8TdUR24eRFUNduey.sy.xqpkppPm8rDfIE46UPKMC2nZaHq6', 'bdb8c008fa551ba75f8481963f2201da', '2020-04-27 08:50:50'),
(179, 'mario@bros.fr', '$2y$10$NFuHNlgt7AlJQkrNEzP13OfSkDBpJXuhd1EsqbTNLBEHNJy1t.KUy', 'bdb8c008fa551ba75f8481963f2201da', '2020-04-27 09:51:38'),
(180, 'bugs@bunny.fr', '$2y$10$mId5UiYtdmS/LghENAbGXOi3Je5SHkMtNhV92VRPLhMrE.1reGyRy', 'bdb8c008fa551ba75f8481963f2201da', '2020-04-27 10:02:34'),
(181, 'jcbarret@outlook.fr', '$2y$10$wXiVCUIdPmO5h6of7DRhN.ivJgTnizEI0GO1VUKFEXLaQ1xQb/HpW', 'bdb8c008fa551ba75f8481963f2201da', '2020-04-27 10:13:37'),
(182, 'jcbarret@outlook.fr', '$2y$10$M50faCF/YKsl1S3ngtEuReHvDorkfljsqCkd/QRwMIjSCoY0ehyEG', 'bdb8c008fa551ba75f8481963f2201da', '2020-04-27 10:14:42'),
(183, 'couscous@taboulet.merguez', '$2y$10$wdYVj91hmm1bABEKpdm92u093X8OTR0tjR8ky64Wn8DQzdJwxKitG', 'bdb8c008fa551ba75f8481963f2201da', '2020-04-27 10:17:14'),
(184, 'jcbarret@outlook.fr', '$2y$10$b34imPBK6pjwGZM5Jxor/O35bYgWS.np8MZqEDXGxqUFi1xer7pFK', 'bdb8c008fa551ba75f8481963f2201da', '2020-04-27 10:26:25'),
(185, 'couscous@taboulet.merguez', '$2y$10$J7F4Yw84Kk2I0nPqe3XK7uhw47jBImTgyss6kh/xmT2zXobKhoZDy', 'bdb8c008fa551ba75f8481963f2201da', '2020-04-27 10:39:15'),
(186, 'bugs@bunny.fr', '$2y$10$EM5Jc.1I2H3ZaOOQXstH.e5GdplJvWtVrPSkm4tmKC83xI1f.zuXu', 'bdb8c008fa551ba75f8481963f2201da', '2020-04-27 11:05:12'),
(187, 'jcbarret@outlook.fr', '$2y$10$TJERy7s4IWVUAgyRXQapCusCkhBrrQWHP7tTNdE4hZ66AsSOfeJfG', 'bdb8c008fa551ba75f8481963f2201da', '2020-04-27 11:09:24'),
(188, 'jcbarret@outlook.fr', '$2y$10$fyyofjzgaR.fR7K5V2wmSe5h8bEl.QAEramA1p8N9ysKIEYX5adoy', 'bdb8c008fa551ba75f8481963f2201da', '2020-04-27 11:10:15'),
(189, 'couscous@taboulet.merguez', '$2y$10$ZiEY4vBzpMsXkjbus2HaReGZUkJ6SF1GqsJfo9qJWermHv4pZjqJq', 'bdb8c008fa551ba75f8481963f2201da', '2020-04-27 11:15:13'),
(190, 'mario@bros.fr', '$2y$10$ykOYUCoF9lWhyQKSTkZY3uN1bCfK2CxstV4E6XrLYjKlceth1TSxa', 'bdb8c008fa551ba75f8481963f2201da', '2020-04-27 12:04:03'),
(191, 'jcbarret@outlook.fr', '$2y$10$k4inoblTI10uUJlvBtbr/e/MiLyrV6IvPdz/usIU1e1anlz78MxGu', 'bdb8c008fa551ba75f8481963f2201da', '2020-04-27 12:05:44'),
(192, 'jcbarret@outlook.fr', '$2y$10$hfTUdM4teXpqk9Big9/FDOMb8ppGr3Fae1WHCY7gumxQBXVd9NTNq', 'bdb8c008fa551ba75f8481963f2201da', '2020-04-27 14:16:54'),
(193, 'mario@bros.fr', '$2y$10$mRsdpC6oWI/RoXRMtogDQezyZnYFFuge2cWZH2tZiEG8cdDTkEXTO', 'bdb8c008fa551ba75f8481963f2201da', '2020-04-27 14:26:35'),
(194, 'couscous@taboulet.merguez', '$2y$10$c1K97X1PjhYW4mCr5LW16Oxxk0x1P/HV5WsED3w28m8Lls.AdNsbG', 'bdb8c008fa551ba75f8481963f2201da', '2020-04-27 16:53:19'),
(195, 'pierrot@michou.fr', '$2y$10$XoTPgJ2H/vEfBUPPVYIgKeXUNBKEkRQqHEJez7wQTieQ8jwsRqeDW', 'bdb8c008fa551ba75f8481963f2201da', '2020-04-27 17:05:02'),
(196, 'jcbarret@outlook.fr', '$2y$10$yqvF0mRukpFHRch3oR.98uYAJv/.5b4lqM5XoLt8nEeQFUZyEWWbq', 'bdb8c008fa551ba75f8481963f2201da', '2020-04-27 17:31:07'),
(197, 'jcbarret@outlook.fr', '$2y$10$NNiG2XfdJJaUe/jgMlVvEeTMd1U.w0E/RtFcrkVchHseeDI57ONJe', 'bdb8c008fa551ba75f8481963f2201da', '2020-04-28 09:08:58'),
(198, 'bugs@bunny.fr', '$2y$10$Qb5bX/2dNzIq2ZLpBX0vHew9NEZ0ZqONOd37hQmW5KSgUR2GeMrqa', 'bdb8c008fa551ba75f8481963f2201da', '2020-04-28 09:16:25'),
(199, 'ben@hur.com', '$2y$10$w0OvKeVqOwTKUjJ2mHqNh.i5qzsS8TITekGz5pFFjUWhY7llg.fb2', 'bdb8c008fa551ba75f8481963f2201da', '2020-04-28 09:26:10'),
(200, 'jcbarret@outlook.fr', '$2y$10$9mR1Fbjm3c.gfYB4giyhLelA71eRj3928sjRuYve.SaSmhajAM5HO', 'bdb8c008fa551ba75f8481963f2201da', '2020-04-28 11:21:40'),
(201, 'bugs@bunny.fr', '$2y$10$uHKuaVt8F3keGn/INEb2xeA7tII0GRbK/qWNZSDSp84BnqpTXZCbi', 'bdb8c008fa551ba75f8481963f2201da', '2020-04-28 11:23:10'),
(202, 'jcbarret@outlook.fr', '$2y$10$ptoFRRsA49sswPfZDdkZC.kURpuZsppM7tiI2tgbL7a27F0A1AK4.', 'bdb8c008fa551ba75f8481963f2201da', '2020-04-28 11:25:07'),
(203, 'jcbarret@outlook.fr', '$2y$10$aFdTGehG4Mdamd.8H/76eedbJGeijaZr6zhREJ7Yo6mNwuQXyUKMW', 'bdb8c008fa551ba75f8481963f2201da', '2020-04-29 08:48:53'),
(204, 'jcbarret@outlook.fr', '$2y$10$rk07549CtVwJeZdEt9bCAO.gorHbF3vUiLrYvdd.drdTXI/OUYL8q', 'bdb8c008fa551ba75f8481963f2201da', '2020-04-29 08:53:14'),
(205, 'bruce@gilbert.com', '$2y$10$nnCA1O2IFpHHM1slrjPM4.Q9K8EDw9jc8seIEGXl/F6lWIo8S5RWm', 'bdb8c008fa551ba75f8481963f2201da', '2020-04-29 08:58:15'),
(206, 'jil@perry.fr', '$2y$10$gUVLG2pPRYEoeH6g1npaUO85o9CVYgooKgy0CQlDQdEhkta8taDRa', 'bdb8c008fa551ba75f8481963f2201da', '2020-04-29 09:00:25'),
(207, 'jill@perry.fr', '$2y$10$g3H0KVgfk4ApGKyjhgj3Ren2sdTfhNMW40NWKPkJtdmzUNIk0BT5C', 'bdb8c008fa551ba75f8481963f2201da', '2020-04-29 09:01:41'),
(208, 'bruce@gilbert.com', '$2y$10$.l0X9rvZtMK7ABityuMNYeWKNjlTzWlZ.GJTinv41EcV3hnuEug7y', 'bdb8c008fa551ba75f8481963f2201da', '2020-04-29 09:04:09'),
(209, 'jcbarret@outlook.fr', '$2y$10$xJq3aTJ3by5/P935bCRfn./8uQiNO7Ut6TgArJW.yHhaGZB1UqFNS', 'bdb8c008fa551ba75f8481963f2201da', '2020-04-29 09:04:28'),
(210, 'taylor@sims.fr', '$2y$10$VlwEgnAZ7euKGWu7ZpXn2ezS0MSJYSEnl3jssBPVEOKCIr5g9IbUC', 'bdb8c008fa551ba75f8481963f2201da', '2020-04-29 09:10:21'),
(211, 'jcbarret@outlook.fr', '$2y$10$OY7xLciBok7r6hwspNYnXOH1AEF9zJbv3n9/7vJIvro1vREdJ48Aq', 'bdb8c008fa551ba75f8481963f2201da', '2020-04-29 09:10:39'),
(212, 'jcbarret@outlook.fr', '$2y$10$D3dd4o994b0DGyHLGjo9MOGFGFoy3CljWbIiTCwvZVNvZonnn0tdS', 'bdb8c008fa551ba75f8481963f2201da', '2020-04-29 09:27:00'),
(213, 'taylor@sims.fr', '$2y$10$rvo.1oqhEtdGNtYc0EYKUOOt13Wi53IEPyTyYTF2K7AY2Mghh2.VK', 'bdb8c008fa551ba75f8481963f2201da', '2020-04-29 09:29:09'),
(214, 'jcbarret@outlook.fr', '$2y$10$D2sLKghBdTVir2kC0gyv0OkU1W2T/Fv.UyI0.ILeOdW9ZblzwiiKy', 'bdb8c008fa551ba75f8481963f2201da', '2020-04-29 09:35:11'),
(215, 'jcbarret@outlook.fr', '$2y$10$UfbIRmSVfe79/v4v0MXuhu9WYkvDNlAIAZf42fXIHMCYI.Z7ID4fC', 'bdb8c008fa551ba75f8481963f2201da', '2020-04-29 11:52:46'),
(216, 'jcbarret@outlook.fr', '$2y$10$GPGlpkzRMcQ0pHxZVjhZuuORpj0EPdghaMANNEVmz9qpuwvFnFSNC', 'bdb8c008fa551ba75f8481963f2201da', '2020-04-29 16:57:37'),
(217, 'jcbarret@outlook.fr', '$2y$10$e5ziz6L7ih0.NIczl//wXu3jPAVPYu0P/53pHILUqYcWZLQvEdGEi', 'bdb8c008fa551ba75f8481963f2201da', '2020-04-30 08:58:58'),
(218, 'jcbarret@outlook.fr', '$2y$10$CVnV.on.nyOJiN.ROQyPyu4DIAAlLTXq1GKd7U9Zi2Ds41mG40wsi', 'bdb8c008fa551ba75f8481963f2201da', '2020-04-30 08:59:15'),
(219, 'jcbarret@outlook.fr', '$2y$10$uJvmbUWrMmO.SVCxWPoOBO8/OOhc8e6kRNLwKa4mUBb4pcCjqgNNS', 'bdb8c008fa551ba75f8481963f2201da', '2020-04-30 09:54:55'),
(220, 'jcbarret@outlook.fr', '$2y$10$LyVRY9xR4QWmiLlqRav1fO20dRJ4UPPC6C9iZ4IojX7.XxDUp5WDC', 'bdb8c008fa551ba75f8481963f2201da', '2020-04-30 13:27:50');

-- --------------------------------------------------------

--
-- Structure de la table `register`
--

DROP TABLE IF EXISTS `register`;
CREATE TABLE IF NOT EXISTS `register` (
  `admin_id` int(11) NOT NULL,
  `events_id` int(11) NOT NULL,
  KEY `admin_id` (`admin_id`) USING BTREE,
  KEY `events_id` (`events_id`) USING BTREE
) ENGINE=InnoDB DEFAULT CHARSET=utf8mb4 COLLATE=utf8mb4_general_ci;

--
-- Déchargement des données de la table `register`
--

INSERT INTO `register` (`admin_id`, `events_id`) VALUES
(5, 9),
(5, 1),
(5, 5),
(5, 10),
(10, 19),
(10, 13),
(10, 10),
(5, 19),
(13, 19),
(13, 20),
(13, 10),
(13, 13);

-- --------------------------------------------------------

--
-- Structure de la table `votes`
--

DROP TABLE IF EXISTS `votes`;
CREATE TABLE IF NOT EXISTS `votes` (
  `id` int(11) NOT NULL AUTO_INCREMENT,
  `ref_id` int(11) NOT NULL,
  `ref` varchar(50) COLLATE utf8mb4_general_ci NOT NULL,
  `admin_id` int(11) NOT NULL,
  `vote` int(11) NOT NULL,
  `votedAt` datetime NOT NULL,
  PRIMARY KEY (`id`)
) ENGINE=InnoDB DEFAULT CHARSET=utf8mb4 COLLATE=utf8mb4_general_ci;

--
-- Contraintes pour les tables déchargées
--

--
-- Contraintes pour la table `admininfo`
--
ALTER TABLE `admininfo`
  ADD CONSTRAINT `admininfo_ibfk_1` FOREIGN KEY (`id_admin`) REFERENCES `admin` (`id`) ON DELETE CASCADE;

--
-- Contraintes pour la table `coaching`
--
ALTER TABLE `coaching`
  ADD CONSTRAINT `coaching_ibfk_1` FOREIGN KEY (`coach_id`) REFERENCES `admin` (`id`) ON DELETE CASCADE;

--
-- Contraintes pour la table `events`
--
ALTER TABLE `events`
  ADD CONSTRAINT `events_ibfk_1` FOREIGN KEY (`id_admin`) REFERENCES `admin` (`id`) ON DELETE CASCADE;

--
-- Contraintes pour la table `register`
--
ALTER TABLE `register`
  ADD CONSTRAINT `fk_admin_id` FOREIGN KEY (`admin_id`) REFERENCES `admin` (`id`) ON DELETE CASCADE,
  ADD CONSTRAINT `fk_events_id` FOREIGN KEY (`events_id`) REFERENCES `events` (`id`) ON DELETE CASCADE;
COMMIT;

/*!40101 SET CHARACTER_SET_CLIENT=@OLD_CHARACTER_SET_CLIENT */;
/*!40101 SET CHARACTER_SET_RESULTS=@OLD_CHARACTER_SET_RESULTS */;
/*!40101 SET COLLATION_CONNECTION=@OLD_COLLATION_CONNECTION */;
